{
  "parcel_00001": 0,
  "parcel_00002": 1,
  "parcel_00003": 2,
  "parcel_00004": 3,
  "parcel_00005": 4,
  "parcel_00006": 5,
  "parcel_00007": 6,
  "parcel_00008": 7,
  "parcel_00009": 8,
  "parcel_00010": 9,
  "parcel_00011": 10,
  "parcel_00012": 11,
  "parcel_00014": 12,
  "parcel_00015": 13,
  "parcel_00016": 14,
  "parcel_00017": 15,
  "parcel_00018": 16,
  "parcel_00019": 17,
  "parcel_00020": 18,
  "parcel_00021": 19,
  "parcel_00022": 20,
  "parcel_00023": 21,
  "parcel_00024": 22,
  "parcel_00025": 23,
  "parcel_00026": 24,
  "parcel_00027": 25,
  "parcel_00028": 26,
  "parcel_00029": 27,
  "parcel_00030": 28,
  "parcel_00031": 29,
  "parcel_00032": 30,
  "parcel_00033": 31,
  "parcel_00034": 32,
  "parcel_00035": 33,
  "parcel_00036": 34,
  "parcel_00037": 35,
  "parcel_00038": 36,
  "parcel_00039": 37,
  "parcel_00040": 38,
  "parcel_00041": 39,
  "parcel_00042": 40,
  "parcel_00043": 41,
  "parcel_00044": 42,
  "parcel_00045": 43,
  "parcel_00046": 44,
  "parcel_00047": 45,
  "parcel_00048": 46,
  "parcel_00049": 47,
  "parcel_00050": 48,
  "parcel_00051": 49,
  "parcel_00052": 50,
  "parcel_00053": 51,
  "parcel_00054": 52,
  "parcel_00055": 53,
  "parcel_00056": 54,
  "parcel_00057": 55,
  "parcel_00058": 56,
  "parcel_00059": 57,
  "parcel_00060": 58,
  "parcel_00061": 59,
  "parcel_00062": 60,
  "parcel_00063": 61,
  "parcel_00064": 62,
  "parcel_00065": 63,
  "parcel_00066": 64,
  "parcel_00067": 65,
  "parcel_00068": 66,
  "parcel_00069": 67,
  "parcel_00070": 68,
  "parcel_00071": 69,
  "parcel_00072": 70,
  "parcel_00073": 71,
  "parcel_00074": 72,
  "parcel_00075": 73,
  "parcel_00076": 74,
  "parcel_00077": 75,
  "parcel_00078": 76,
  "parcel_00079": 77,
  "parcel_00080": 78,
  "parcel_00081": 79,
  "parcel_00082": 80,
  "parcel_00084": 81,
  "parcel_00085": 82,
  "parcel_00086": 83,
  "parcel_00087": 84,
  "parcel_00088": 85,
  "parcel_00089": 86,
  "parcel_00090": 87,
  "parcel_00091": 88,
  "parcel_00092": 89,
  "parcel_00093": 90,
  "parcel_00094": 91,
  "parcel_00095": 92,
  "parcel_00096": 93,
  "parcel_00097": 94,
  "parcel_00098": 95,
  "parcel_00099": 96,
  "parcel_00100": 97,
  "parcel_00101": 98,
  "parcel_00102": 99,
  "parcel_00103": 100,
  "parcel_00104": 101,
  "parcel_00105": 102,
  "parcel_00106": 103,
  "parcel_00107": 104,
  "parcel_00108": 105,
  "parcel_00109": 106,
  "parcel_00110": 107,
  "parcel_00111": 108,
  "parcel_00112": 109,
  "parcel_00113": 110,
  "parcel_00114": 111,
  "parcel_00115": 112,
  "parcel_00116": 113,
  "parcel_00117": 114,
  "parcel_00118": 115,
  "parcel_00119": 116,
  "parcel_00120": 117,
  "parcel_00121": 118,
  "parcel_00122": 119,
  "parcel_00123": 120,
  "parcel_00124": 121,
  "parcel_00125": 122,
  "parcel_00126": 123,
  "parcel_00127": 124,
  "parcel_00128": 125,
  "parcel_00129": 126,
  "parcel_00130": 127,
  "parcel_00131": 128,
  "parcel_00132": 129,
  "parcel_00133": 130,
  "parcel_00134": 131,
  "parcel_00135": 132,
  "parcel_00136": 133,
  "parcel_00137": 134,
  "parcel_00138": 135,
  "parcel_00139": 136,
  "parcel_00140": 137,
  "parcel_00141": 138,
  "parcel_00142": 139,
  "parcel_00143": 140,
  "parcel_00144": 141,
  "parcel_00145": 142,
  "parcel_00146": 143,
  "parcel_00147": 144,
  "parcel_00148": 145,
  "parcel_00149": 146,
  "parcel_00150": 147,
  "parcel_00151": 148,
  "parcel_00152": 149,
  "parcel_00153": 150,
  "parcel_00154": 151,
  "parcel_00155": 152,
  "parcel_00156": 153,
  "parcel_00157": 154,
  "parcel_00159": 155,
  "parcel_00160": 156,
  "parcel_00161": 157,
  "parcel_00162": 158,
  "parcel_00163": 159,
  "parcel_00164": 160,
  "parcel_00165": 161,
  "parcel_00166": 162,
  "parcel_00167": 163,
  "parcel_00168": 164,
  "parcel_00169": 165,
  "parcel_00170": 166,
  "parcel_00171": 167,
  "parcel_00172": 168,
  "parcel_00173": 169,
  "parcel_00174": 170,
  "parcel_00175": 171,
  "parcel_00176": 172,
  "parcel_00177": 173,
  "parcel_00178": 174,
  "parcel_00179": 175,
  "parcel_00180": 176,
  "parcel_00181": 177,
  "parcel_00182": 178,
  "parcel_00183": 179,
  "parcel_00184": 180,
  "parcel_00185": 181,
  "parcel_00186": 182,
  "parcel_00187": 183,
  "parcel_00188": 184,
  "parcel_00189": 185,
  "parcel_00190": 186,
  "parcel_00191": 187,
  "parcel_00192": 188,
  "parcel_00193": 189,
  "parcel_00194": 190,
  "parcel_00195": 191,
  "parcel_00196": 192,
  "parcel_00197": 193,
  "parcel_00198": 194,
  "parcel_00199": 195,
  "parcel_00200": 196,
  "parcel_00201": 197,
  "parcel_00202": 198,
  "parcel_00203": 199,
  "parcel_00204": 200,
  "parcel_00205": 201,
  "parcel_00206": 202,
  "parcel_00207": 203,
  "parcel_00208": 204,
  "parcel_00209": 205,
  "parcel_00210": 206,
  "parcel_00211": 207,
  "parcel_00212": 208,
  "parcel_00213": 209,
  "parcel_00214": 210,
  "parcel_00215": 211,
  "parcel_00216": 212,
  "parcel_00217": 213,
  "parcel_00218": 214,
  "parcel_00220": 215,
  "parcel_00221": 216,
  "parcel_00222": 217,
  "parcel_00223": 218,
  "parcel_00224": 219,
  "parcel_00225": 220,
  "parcel_00226": 221,
  "parcel_00227": 222,
  "parcel_00228": 223,
  "parcel_00229": 224,
  "parcel_00230": 225,
  "parcel_00231": 226,
  "parcel_00232": 227,
  "parcel_00233": 228,
  "parcel_00234": 229,
  "parcel_00235": 230,
  "parcel_00236": 231,
  "parcel_00237": 232,
  "parcel_00238": 233,
  "parcel_00239": 234,
  "parcel_00240": 235,
  "parcel_00241": 236,
  "parcel_00242": 237,
  "parcel_00243": 238,
  "parcel_00244": 239,
  "parcel_00245": 240,
  "parcel_00246": 241,
  "parcel_00247": 242,
  "parcel_00248": 243,
  "parcel_00249": 244,
  "parcel_00250": 245,
  "parcel_00251": 246,
  "parcel_00252": 247,
  "parcel_00253": 248,
  "parcel_00254": 249,
  "parcel_00255": 250,
  "parcel_00256": 251,
  "parcel_00257": 252,
  "parcel_00258": 253,
  "parcel_00259": 254,
  "parcel_00260": 255,
  "parcel_00261": 256,
  "parcel_00262": 257,
  "parcel_00263": 258,
  "parcel_00264": 259,
  "parcel_00265": 260,
  "parcel_00266": 261,
  "parcel_00267": 262,
  "parcel_00268": 263,
  "parcel_00269": 264,
  "parcel_00270": 265,
  "parcel_00271": 266,
  "parcel_00272": 267,
  "parcel_00273": 268,
  "parcel_00274": 269,
  "parcel_00275": 270,
  "parcel_00276": 271,
  "parcel_00277": 272,
  "parcel_00278": 273,
  "parcel_00279": 274,
  "parcel_00280": 275,
  "parcel_00281": 276,
  "parcel_00282": 277,
  "parcel_00284": 278,
  "parcel_00285": 279,
  "parcel_00286": 280,
  "parcel_00287": 281,
  "parcel_00288": 282,
  "parcel_00289": 283,
  "parcel_00290": 284,
  "parcel_00291": 285,
  "parcel_00292": 286,
  "parcel_00293": 287,
  "parcel_00294": 288,
  "parcel_00295": 289,
  "parcel_00296": 290,
  "parcel_00298": 291,
  "parcel_00299": 292,
  "parcel_00300": 293,
  "parcel_00301": 294,
  "parcel_00302": 295,
  "parcel_00303": 296,
  "parcel_00304": 297,
  "parcel_00305": 298,
  "parcel_00306": 299,
  "parcel_00307": 300,
  "parcel_00308": 301,
  "parcel_00309": 302,
  "parcel_00310": 303,
  "parcel_00311": 304,
  "parcel_00312": 305,
  "parcel_00313": 306,
  "parcel_00314": 307,
  "parcel_00315": 308,
  "parcel_00316": 309,
  "parcel_00317": 310,
  "parcel_00318": 311,
  "parcel_00319": 312,
  "parcel_00320": 313,
  "parcel_00321": 314,
  "parcel_00322": 315,
  "parcel_00323": 316,
  "parcel_00324": 317,
  "parcel_00325": 318,
  "parcel_00326": 319,
  "parcel_00327": 320,
  "parcel_00328": 321,
  "parcel_00329": 322,
  "parcel_00330": 323,
  "parcel_00331": 324,
  "parcel_00332": 325,
  "parcel_00333": 326,
  "parcel_00334": 327,
  "parcel_00335": 328,
  "parcel_00336": 329,
  "parcel_00337": 330,
  "parcel_00338": 331,
  "parcel_00339": 332,
  "parcel_00340": 333,
  "parcel_00341": 334,
  "parcel_00342": 335,
  "parcel_00343": 336,
  "parcel_00344": 337,
  "parcel_00345": 338,
  "parcel_00346": 339,
  "parcel_00347": 340,
  "parcel_00348": 341,
  "parcel_00349": 342,
  "parcel_00350": 343,
  "parcel_00351": 344,
  "parcel_00352": 345,
  "parcel_00353": 346,
  "parcel_00354": 347,
  "parcel_00355": 348,
  "parcel_00356": 349,
  "parcel_00357": 350,
  "parcel_00358": 351,
  "parcel_00359": 352,
  "parcel_00360": 353,
  "parcel_00361": 354,
  "parcel_00362": 355,
  "parcel_00363": 356,
  "parcel_00364": 357,
  "parcel_00365": 358,
  "parcel_00366": 359,
  "parcel_00367": 360,
  "parcel_00368": 361,
  "parcel_00369": 362,
  "parcel_00370": 363,
  "parcel_00371": 364,
  "parcel_00372": 365,
  "parcel_00373": 366,
  "parcel_00374": 367,
  "parcel_00375": 368,
  "parcel_00376": 369,
  "parcel_00377": 370,
  "parcel_00378": 371,
  "parcel_00379": 372,
  "parcel_00380": 373,
  "parcel_00381": 374,
  "parcel_00382": 375,
  "parcel_00383": 376,
  "parcel_00384": 377,
  "parcel_00385": 378,
  "parcel_00386": 379,
  "parcel_00387": 380,
  "parcel_00388": 381,
  "parcel_00389": 382,
  "parcel_00390": 383,
  "parcel_00391": 384,
  "parcel_00392": 385,
  "parcel_00393": 386,
  "parcel_00394": 387,
  "parcel_00395": 388,
  "parcel_00396": 389,
  "parcel_00397": 390,
  "parcel_00398": 391,
  "parcel_00399": 392,
  "parcel_00400": 393,
  "parcel_00401": 394,
  "parcel_00402": 395,
  "parcel_00403": 396,
  "parcel_00404": 397,
  "parcel_00405": 398,
  "parcel_00406": 399,
  "parcel_00407": 400,
  "parcel_00408": 401,
  "parcel_00409": 402,
  "parcel_00410": 403,
  "parcel_00411": 404,
  "parcel_00412": 405,
  "parcel_00413": 406,
  "parcel_00414": 407,
  "parcel_00415": 408,
  "parcel_00416": 409,
  "parcel_00417": 410,
  "parcel_00418": 411,
  "parcel_00419": 412,
  "parcel_00420": 413,
  "parcel_00421": 414,
  "parcel_00422": 415,
  "parcel_00423": 416,
  "parcel_00424": 417,
  "parcel_00425": 418,
  "parcel_00426": 419,
  "parcel_00427": 420,
  "parcel_00428": 421,
  "parcel_00429": 422,
  "parcel_00430": 423,
  "parcel_00431": 424,
  "parcel_00432": 425,
  "parcel_00433": 426,
  "parcel_00434": 427,
  "parcel_00435": 428,
  "parcel_00436": 429,
  "parcel_00437": 430,
  "parcel_00438": 431,
  "parcel_00439": 432,
  "parcel_00440": 433,
  "parcel_00441": 434,
  "parcel_00442": 435,
  "parcel_00443": 436,
  "parcel_00444": 437,
  "parcel_00445": 438,
  "parcel_00446": 439,
  "parcel_00447": 440,
  "parcel_00448": 441,
  "parcel_00449": 442,
  "parcel_00450": 443,
  "parcel_00451": 444,
  "parcel_00452": 445,
  "parcel_00453": 446,
  "parcel_00454": 447,
  "parcel_00455": 448,
  "parcel_00456": 449,
  "parcel_00457": 450,
  "parcel_00458": 451,
  "parcel_00459": 452,
  "parcel_00460": 453,
  "parcel_00461": 454,
  "parcel_00462": 455,
  "parcel_00463": 456,
  "parcel_00464": 457,
  "parcel_00465": 458,
  "parcel_00466": 459,
  "parcel_00467": 460,
  "parcel_00468": 461,
  "parcel_00469": 462,
  "parcel_00470": 463,
  "parcel_00471": 464,
  "parcel_00472": 465,
  "parcel_00473": 466,
  "parcel_00474": 467,
  "parcel_00475": 468,
  "parcel_00476": 469,
  "parcel_00477": 470,
  "parcel_00478": 471,
  "parcel_00479": 472,
  "parcel_00480": 473,
  "parcel_00481": 474,
  "parcel_00482": 475,
  "parcel_00483": 476,
  "parcel_00484": 477,
  "parcel_00485": 478,
  "parcel_00486": 479,
  "parcel_00487": 480,
  "parcel_00488": 481,
  "parcel_00489": 482,
  "parcel_00490": 483,
  "parcel_00491": 484,
  "parcel_00492": 485,
  "parcel_00493": 486,
  "parcel_00494": 487,
  "parcel_00495": 488,
  "parcel_00496": 489,
  "parcel_00497": 490,
  "parcel_00498": 491,
  "parcel_00499": 492,
  "parcel_00500": 493,
  "parcel_00501": 494,
  "parcel_00502": 495,
  "parcel_00503": 496,
  "parcel_00504": 497,
  "parcel_00505": 498,
  "parcel_00506": 499,
  "parcel_00507": 500,
  "parcel_00508": 501,
  "parcel_00509": 502,
  "parcel_00510": 503,
  "parcel_00511": 504,
  "parcel_00512": 505,
  "parcel_00513": 506,
  "parcel_00515": 507,
  "parcel_00516": 508,
  "parcel_00517": 509,
  "parcel_00518": 510,
  "parcel_00519": 511,
  "parcel_00520": 512,
  "parcel_00521": 513,
  "parcel_00522": 514,
  "parcel_00523": 515,
  "parcel_00524": 516,
  "parcel_00525": 517,
  "parcel_00526": 518,
  "parcel_00527": 519,
  "parcel_00528": 520,
  "parcel_00529": 521,
  "parcel_00530": 522,
  "parcel_00531": 523,
  "parcel_00532": 524,
  "parcel_00533": 525,
  "parcel_00534": 526,
  "parcel_00535": 527,
  "parcel_00536": 528,
  "parcel_00537": 529,
  "parcel_00538": 530,
  "parcel_00540": 531,
  "parcel_00541": 532,
  "parcel_00542": 533,
  "parcel_00543": 534,
  "parcel_00544": 535,
  "parcel_00545": 536,
  "parcel_00546": 537,
  "parcel_00547": 538,
  "parcel_00548": 539,
  "parcel_00549": 540,
  "parcel_00550": 541,
  "parcel_00551": 542,
  "parcel_00552": 543,
  "parcel_00553": 544,
  "parcel_00554": 545,
  "parcel_00555": 546,
  "parcel_00556": 547,
  "parcel_00557": 548,
  "parcel_00558": 549,
  "parcel_00559": 550,
  "parcel_00560": 551,
  "parcel_00561": 552,
  "parcel_00562": 553,
  "parcel_00563": 554,
  "parcel_00564": 555,
  "parcel_00565": 556,
  "parcel_00566": 557,
  "parcel_00567": 558,
  "parcel_00568": 559,
  "parcel_00569": 560,
  "parcel_00570": 561,
  "parcel_00571": 562,
  "parcel_00572": 563,
  "parcel_00573": 564,
  "parcel_00574": 565,
  "parcel_00575": 566,
  "parcel_00576": 567,
  "parcel_00577": 568,
  "parcel_00578": 569,
  "parcel_00579": 570,
  "parcel_00580": 571,
  "parcel_00581": 572,
  "parcel_00582": 573,
  "parcel_00583": 574,
  "parcel_00584": 575,
  "parcel_00585": 576,
  "parcel_00586": 577,
  "parcel_00587": 578,
  "parcel_00588": 579,
  "parcel_00589": 580,
  "parcel_00590": 581,
  "parcel_00591": 582,
  "parcel_00592": 583,
  "parcel_00593": 584,
  "parcel_00594": 585,
  "parcel_00595": 586,
  "parcel_00596": 587,
  "parcel_00597": 588,
  "parcel_00598": 589,
  "parcel_00599": 590,
  "parcel_00600": 591,
  "parcel_00601": 592,
  "parcel_00602": 593,
  "parcel_00603": 594,
  "parcel_00604": 595,
  "parcel_00605": 596,
  "parcel_00606": 597,
  "parcel_00607": 598,
  "parcel_00608": 599,
  "parcel_00609": 600,
  "parcel_00610": 601,
  "parcel_00611": 602,
  "parcel_00612": 603,
  "parcel_00613": 604,
  "parcel_00614": 605,
  "parcel_00615": 606,
  "parcel_00616": 607,
  "parcel_00617": 608,
  "parcel_00618": 609,
  "parcel_00619": 610,
  "parcel_00620": 611,
  "parcel_00621": 612,
  "parcel_00622": 613,
  "parcel_00623": 614,
  "parcel_00624": 615,
  "parcel_00625": 616,
  "parcel_00626": 617,
  "parcel_00627": 618,
  "parcel_00628": 619,
  "parcel_00629": 620,
  "parcel_00630": 621,
  "parcel_00631": 622,
  "parcel_00632": 623,
  "parcel_00633": 624,
  "parcel_00634": 625,
  "parcel_00635": 626,
  "parcel_00636": 627,
  "parcel_00637": 628,
  "parcel_00638": 629,
  "parcel_00639": 630,
  "parcel_00640": 631,
  "parcel_00641": 632,
  "parcel_00642": 633,
  "parcel_00643": 634,
  "parcel_00644": 635,
  "parcel_00645": 636,
  "parcel_00646": 637,
  "parcel_00647": 638,
  "parcel_00648": 639,
  "parcel_00649": 640,
  "parcel_00650": 641,
  "parcel_00651": 642,
  "parcel_00652": 643,
  "parcel_00653": 644,
  "parcel_00654": 645,
  "parcel_00655": 646,
  "parcel_00656": 647,
  "parcel_00657": 648,
  "parcel_00658": 649,
  "parcel_00659": 650,
  "parcel_00660": 651,
  "parcel_00661": 652,
  "parcel_00662": 653,
  "parcel_00663": 654,
  "parcel_00664": 655,
  "parcel_00665": 656,
  "parcel_00666": 657,
  "parcel_00667": 658,
  "parcel_00668": 659,
  "parcel_00669": 660,
  "parcel_00670": 661,
  "parcel_00671": 662,
  "parcel_00672": 663,
  "parcel_00673": 664,
  "parcel_00674": 665,
  "parcel_00675": 666,
  "parcel_00676": 667,
  "parcel_00677": 668,
  "parcel_00678": 669,
  "parcel_00679": 670,
  "parcel_00680": 671,
  "parcel_00681": 672,
  "parcel_00682": 673,
  "parcel_00683": 674,
  "parcel_00684": 675,
  "parcel_00685": 676,
  "parcel_00686": 677,
  "parcel_00687": 678,
  "parcel_00688": 679,
  "parcel_00689": 680,
  "parcel_00690": 681,
  "parcel_00691": 682,
  "parcel_00692": 683,
  "parcel_00693": 684,
  "parcel_00694": 685,
  "parcel_00695": 686,
  "parcel_00696": 687,
  "parcel_00697": 688,
  "parcel_00698": 689,
  "parcel_00699": 690,
  "parcel_00700": 691,
  "parcel_00701": 692,
  "parcel_00702": 693,
  "parcel_00703": 694,
  "parcel_00704": 695,
  "parcel_00705": 696,
  "parcel_00706": 697,
  "parcel_00707": 698,
  "parcel_00708": 699,
  "parcel_00709": 700,
  "parcel_00710": 701,
  "parcel_00711": 702,
  "parcel_00712": 703,
  "parcel_00713": 704,
  "parcel_00714": 705,
  "parcel_00715": 706,
  "parcel_00716": 707,
  "parcel_00717": 708,
  "parcel_00718": 709,
  "parcel_00719": 710,
  "parcel_00720": 711,
  "parcel_00721": 712,
  "parcel_00722": 713,
  "parcel_00723": 714,
  "parcel_00724": 715,
  "parcel_00725": 716,
  "parcel_00726": 717,
  "parcel_00727": 718,
  "parcel_00728": 719,
  "parcel_00729": 720,
  "parcel_00730": 721,
  "parcel_00731": 722,
  "parcel_00732": 723,
  "parcel_00733": 724,
  "parcel_00735": 725,
  "parcel_00736": 726,
  "parcel_00737": 727,
  "parcel_00738": 728,
  "parcel_00739": 729,
  "parcel_00740": 730,
  "parcel_00741": 731,
  "parcel_00742": 732,
  "parcel_00743": 733,
  "parcel_00744": 734,
  "parcel_00745": 735,
  "parcel_00746": 736,
  "parcel_00747": 737,
  "parcel_00748": 738,
  "parcel_00750": 739,
  "parcel_00751": 740,
  "parcel_00752": 741,
  "parcel_00753": 742,
  "parcel_00754": 743,
  "parcel_00755": 744,
  "parcel_00756": 745,
  "parcel_00757": 746,
  "parcel_00758": 747,
  "parcel_00759": 748,
  "parcel_00760": 749,
  "parcel_00761": 750,
  "parcel_00762": 751,
  "parcel_00763": 752,
  "parcel_00764": 753,
  "parcel_00765": 754,
  "parcel_00766": 755,
  "parcel_00767": 756,
  "parcel_00768": 757,
  "parcel_00769": 758,
  "parcel_00770": 759,
  "parcel_00771": 760,
  "parcel_00772": 761,
  "parcel_00773": 762,
  "parcel_00774": 763,
  "parcel_00775": 764,
  "parcel_00776": 765,
  "parcel_00777": 766,
  "parcel_00778": 767,
  "parcel_00779": 768,
  "parcel_00780": 769,
  "parcel_00781": 770,
  "parcel_00782": 771,
  "parcel_00783": 772,
  "parcel_00784": 773,
  "parcel_00785": 774,
  "parcel_00786": 775,
  "parcel_00787": 776,
  "parcel_00788": 777,
  "parcel_00789": 778,
  "parcel_00790": 779,
  "parcel_00791": 780,
  "parcel_00792": 781,
  "parcel_00793": 782,
  "parcel_00794": 783,
  "parcel_00795": 784,
  "parcel_00796": 785,
  "parcel_00797": 786,
  "parcel_00798": 787,
  "parcel_00799": 788,
  "parcel_00800": 789,
  "parcel_00801": 790,
  "parcel_00802": 791,
  "parcel_00803": 792,
  "parcel_00804": 793,
  "parcel_00805": 794,
  "parcel_00806": 795,
  "parcel_00807": 796,
  "parcel_00808": 797,
  "parcel_00809": 798,
  "parcel_00810": 799,
  "parcel_00811": 800,
  "parcel_00812": 801,
  "parcel_00813": 802,
  "parcel_00814": 803,
  "parcel_00815": 804,
  "parcel_00816": 805,
  "parcel_00817": 806,
  "parcel_00818": 807,
  "parcel_00819": 808,
  "parcel_00820": 809,
  "parcel_00821": 810,
  "parcel_00822": 811,
  "parcel_00823": 812,
  "parcel_00824": 813,
  "parcel_00825": 814,
  "parcel_00826": 815,
  "parcel_00827": 816,
  "parcel_00828": 817,
  "parcel_00829": 818,
  "parcel_00830": 819,
  "parcel_00831": 820,
  "parcel_00832": 821,
  "parcel_00833": 822,
  "parcel_00834": 823,
  "parcel_00835": 824,
  "parcel_00836": 825,
  "parcel_00837": 826,
  "parcel_00838": 827,
  "parcel_00839": 828,
  "parcel_00840": 829,
  "parcel_00841": 830,
  "parcel_00842": 831,
  "parcel_00843": 832,
  "parcel_00844": 833,
  "parcel_00845": 834,
  "parcel_00846": 835,
  "parcel_00847": 836,
  "parcel_00848": 837,
  "parcel_00849": 838,
  "parcel_00850": 839,
  "parcel_00851": 840,
  "parcel_00852": 841,
  "parcel_00853": 842,
  "parcel_00854": 843,
  "parcel_00855": 844,
  "parcel_00856": 845,
  "parcel_00857": 846,
  "parcel_00858": 847,
  "parcel_00859": 848,
  "parcel_00860": 849,
  "parcel_00861": 850,
  "parcel_00862": 851,
  "parcel_00863": 852,
  "parcel_00864": 853,
  "parcel_00865": 854,
  "parcel_00866": 855,
  "parcel_00867": 856,
  "parcel_00868": 857,
  "parcel_00869": 858,
  "parcel_00870": 859,
  "parcel_00871": 860,
  "parcel_00872": 861,
  "parcel_00873": 862,
  "parcel_00874": 863,
  "parcel_00875": 864,
  "parcel_00876": 865,
  "parcel_00877": 866,
  "parcel_00878": 867,
  "parcel_00879": 868,
  "parcel_00880": 869,
  "parcel_00881": 870,
  "parcel_00882": 871,
  "parcel_00883": 872,
  "parcel_00884": 873,
  "parcel_00885": 874,
  "parcel_00886": 875,
  "parcel_00887": 876,
  "parcel_00888": 877,
  "parcel_00889": 878,
  "parcel_00890": 879,
  "parcel_00891": 880,
  "parcel_00892": 881,
  "parcel_00893": 882,
  "parcel_00894": 883,
  "parcel_00895": 884,
  "parcel_00896": 885,
  "parcel_00897": 886,
  "parcel_00898": 887,
  "parcel_00899": 888,
  "parcel_00900": 889,
  "parcel_00901": 890,
  "parcel_00902": 891,
  "parcel_00903": 892,
  "parcel_00904": 893,
  "parcel_00905": 894,
  "parcel_00906": 895,
  "parcel_00907": 896,
  "parcel_00908": 897,
  "parcel_00909": 898,
  "parcel_00910": 899,
  "parcel_00911": 900,
  "parcel_00912": 901,
  "parcel_00913": 902,
  "parcel_00914": 903,
  "parcel_00915": 904,
  "parcel_00916": 905,
  "parcel_00917": 906,
  "parcel_00918": 907,
  "parcel_00919": 908,
  "parcel_00920": 909,
  "parcel_00921": 910,
  "parcel_00922": 911,
  "parcel_00923": 912,
  "parcel_00924": 913,
  "parcel_00925": 914,
  "parcel_00926": 915,
  "parcel_00927": 916,
  "parcel_00928": 917,
  "parcel_00929": 918,
  "parcel_00930": 919,
  "parcel_00931": 920,
  "parcel_00932": 921,
  "parcel_00933": 922,
  "parcel_00934": 923,
  "parcel_00935": 924,
  "parcel_00936": 925,
  "parcel_00937": 926,
  "parcel_00938": 927,
  "parcel_00939": 928,
  "parcel_00940": 929,
  "parcel_00941": 930,
  "parcel_00942": 931,
  "parcel_00943": 932,
  "parcel_00944": 933,
  "parcel_00945": 934,
  "parcel_00946": 935,
  "parcel_00947": 936,
  "parcel_00948": 937,
  "parcel_00949": 938,
  "parcel_00950": 939,
  "parcel_00951": 940,
  "parcel_00952": 941,
  "parcel_00953": 942,
  "parcel_00954": 943,
  "parcel_00955": 944,
  "parcel_00956": 945,
  "parcel_00957": 946,
  "parcel_00958": 947,
  "parcel_00959": 948,
  "parcel_00960": 949,
  "parcel_00961": 950,
  "parcel_00962": 951,
  "parcel_00963": 952,
  "parcel_00964": 953,
  "parcel_00965": 954,
  "parcel_00966": 955,
  "parcel_00967": 956,
  "parcel_00968": 957,
  "parcel_00969": 958,
  "parcel_00970": 959,
  "parcel_00971": 960,
  "parcel_00972": 961,
  "parcel_00973": 962,
  "parcel_00974": 963,
  "parcel_00975": 964,
  "parcel_00976": 965,
  "parcel_00977": 966,
  "parcel_00978": 967,
  "parcel_00979": 968,
  "parcel_00980": 969,
  "parcel_00981": 970,
  "parcel_00982": 971,
  "parcel_00983": 972,
  "parcel_00984": 973,
  "parcel_00985": 974,
  "parcel_00986": 975,
  "parcel_00987": 976,
  "parcel_00988": 977,
  "parcel_00989": 978,
  "parcel_00990": 979,
  "parcel_00991": 980,
  "parcel_00992": 981,
  "parcel_00993": 982,
  "parcel_00994": 983,
  "parcel_00995": 984,
  "parcel_00996": 985,
  "parcel_00997": 986,
  "parcel_00998": 987,
  "parcel_00999": 988,
  "parcel_01000": 989,
  "parcel_01001": 990,
  "parcel_01002": 991,
  "parcel_01003": 992,
  "parcel_01004": 993,
  "parcel_01005": 994,
  "parcel_01006": 995,
  "parcel_01007": 996,
  "parcel_01008": 997,
  "parcel_01009": 998,
  "parcel_01010": 999,
  "parcel_01011": 1000,
  "parcel_01012": 1001,
  "parcel_01013": 1002,
  "parcel_01014": 1003,
  "parcel_01015": 1004,
  "parcel_01016": 1005,
  "parcel_01017": 1006,
  "parcel_01018": 1007,
  "parcel_01019": 1008,
  "parcel_01020": 1009,
  "parcel_01021": 1010,
  "parcel_01022": 1011,
  "parcel_01023": 1012,
  "parcel_01024": 1013,
  "parcel_01025": 1014,
  "parcel_01026": 1015,
  "parcel_01027": 1016,
  "parcel_01028": 1017,
  "parcel_01029": 1018,
  "parcel_01030": 1019,
  "parcel_01031": 1020,
  "parcel_01032": 1021,
  "parcel_01033": 1022,
  "parcel_01034": 1023,
  "parcel_01035": 1024,
  "parcel_01036": 1025,
  "parcel_01037": 1026,
  "parcel_01038": 1027,
  "parcel_01039": 1028,
  "parcel_01040": 1029,
  "parcel_01041": 1030,
  "parcel_01042": 1031,
  "parcel_01043": 1032,
  "parcel_01044": 1033,
  "parcel_01045": 1034,
  "parcel_01046": 1035,
  "parcel_01047": 1036,
  "parcel_01048": 1037,
  "parcel_01049": 1038,
  "parcel_01050": 1039,
  "parcel_01051": 1040,
  "parcel_01052": 1041,
  "parcel_01053": 1042,
  "parcel_01054": 1043,
  "parcel_01055": 1044,
  "parcel_01056": 1045,
  "parcel_01057": 1046,
  "parcel_01058": 1047,
  "parcel_01059": 1048,
  "parcel_01060": 1049,
  "parcel_01061": 1050,
  "parcel_01062": 1051,
  "parcel_01063": 1052,
  "parcel_01064": 1053,
  "parcel_01065": 1054,
  "parcel_01066": 1055,
  "parcel_01067": 1056,
  "parcel_01068": 1057,
  "parcel_01069": 1058,
  "parcel_01070": 1059,
  "parcel_01071": 1060,
  "parcel_01072": 1061,
  "parcel_01073": 1062,
  "parcel_01074": 1063,
  "parcel_01075": 1064,
  "parcel_01076": 1065,
  "parcel_01077": 1066,
  "parcel_01078": 1067,
  "parcel_01079": 1068,
  "parcel_01080": 1069,
  "parcel_01081": 1070,
  "parcel_01082": 1071,
  "parcel_01083": 1072,
  "parcel_01084": 1073,
  "parcel_01085": 1074,
  "parcel_01086": 1075,
  "parcel_01087": 1076,
  "parcel_01088": 1077,
  "parcel_01089": 1078,
  "parcel_01090": 1079,
  "parcel_01091": 1080,
  "parcel_01092": 1081,
  "parcel_01093": 1082,
  "parcel_01094": 1083,
  "parcel_01095": 1084,
  "parcel_01096": 1085,
  "parcel_01097": 1086,
  "parcel_01098": 1087,
  "parcel_01100": 1088,
  "parcel_01101": 1089,
  "parcel_01103": 1090,
  "parcel_01104": 1091,
  "parcel_01105": 1092,
  "parcel_01106": 1093,
  "parcel_01107": 1094,
  "parcel_01108": 1095,
  "parcel_01109": 1096,
  "parcel_01110": 1097,
  "parcel_01111": 1098,
  "parcel_01112": 1099,
  "parcel_01113": 1100,
  "parcel_01114": 1101,
  "parcel_01115": 1102,
  "parcel_01116": 1103,
  "parcel_01117": 1104,
  "parcel_01118": 1105,
  "parcel_01120": 1106,
  "parcel_01122": 1107,
  "parcel_01123": 1108,
  "parcel_01125": 1109,
  "parcel_01127": 1110,
  "parcel_01128": 1111,
  "parcel_01129": 1112,
  "parcel_01130": 1113,
  "parcel_01131": 1114,
  "parcel_01132": 1115,
  "parcel_01133": 1116,
  "parcel_01134": 1117,
  "parcel_01135": 1118,
  "parcel_01136": 1119,
  "parcel_01137": 1120,
  "parcel_01138": 1121,
  "parcel_01139": 1122,
  "parcel_01140": 1123,
  "parcel_01141": 1124,
  "parcel_01142": 1125,
  "parcel_01143": 1126,
  "parcel_01144": 1127,
  "parcel_01145": 1128,
  "parcel_01146": 1129,
  "parcel_01147": 1130,
  "parcel_01148": 1131,
  "parcel_01149": 1132,
  "parcel_01150": 1133,
  "parcel_01151": 1134,
  "parcel_01152": 1135,
  "parcel_01153": 1136,
  "parcel_01154": 1137,
  "parcel_01155": 1138,
  "parcel_01156": 1139,
  "parcel_01157": 1140,
  "parcel_01158": 1141,
  "parcel_01159": 1142,
  "parcel_01160": 1143,
  "parcel_01161": 1144,
  "parcel_01162": 1145,
  "parcel_01163": 1146,
  "parcel_01164": 1147,
  "parcel_01165": 1148,
  "parcel_01166": 1149,
  "parcel_01167": 1150,
  "parcel_01168": 1151,
  "parcel_01169": 1152,
  "parcel_01170": 1153,
  "parcel_01171": 1154,
  "parcel_01172": 1155,
  "parcel_01173": 1156,
  "parcel_01174": 1157,
  "parcel_01175": 1158,
  "parcel_01176": 1159,
  "parcel_01177": 1160,
  "parcel_01178": 1161,
  "parcel_01179": 1162,
  "parcel_01180": 1163,
  "parcel_01181": 1164,
  "parcel_01182": 1165,
  "parcel_01183": 1166,
  "parcel_01184": 1167,
  "parcel_01185": 1168,
  "parcel_01186": 1169,
  "parcel_01187": 1170,
  "parcel_01188": 1171,
  "parcel_01189": 1172,
  "parcel_01190": 1173,
  "parcel_01191": 1174,
  "parcel_01192": 1175,
  "parcel_01193": 1176,
  "parcel_01194": 1177,
  "parcel_01195": 1178,
  "parcel_01196": 1179,
  "parcel_01197": 1180,
  "parcel_01198": 1181,
  "parcel_01199": 1182,
  "parcel_02383": 1183,
  "parcel_02384": 1184,
  "parcel_02385": 1185,
  "parcel_02386": 1186,
  "parcel_02387": 1187,
  "parcel_02388": 1188,
  "parcel_02389": 1189,
  "parcel_02390": 1190,
  "parcel_02391": 1191,
  "parcel_02392": 1192,
  "parcel_02393": 1193,
  "parcel_02394": 1194,
  "parcel_02395": 1195,
  "parcel_02396": 1196,
  "parcel_02397": 1197,
  "parcel_02398": 1198
}